{
  "version": 1,
  "created_at": "2026-01-26T19:18:47.927708Z",
  "total_samples": 49,
  "train_samples": [
    "699c493dff47db5e",
    "9e99dcf59f2f467c",
    "8a4a35e64b56ef2a",
    "4d975a6a1fcc3452",
    "21034681eab1f222",
    "b6b6595ffc4acde5",
    "d004f410c044bbd8",
    "3f0da51d9f23a6b6",
    "929284a4d070b857",
    "fcfb7140c64767e4",
    "10b34e00c61819f3",
    "eb1d3de5f89c4a21",
    "6ad17cff6bf61abf",
    "9ecdaa2b7e99df8b",
    "f8a7b2f2e3b0f488",
    "a5ab7c41d6bef84e",
    "9def4cb0f1a624eb",
    "99fe8d73e9918b9e",
    "898f29c413dbde09",
    "8c904df2abc36345",
    "e5f0007b742c3254",
    "f33cef2f88def8f1",
    "aedd7c455243346a",
    "ebb1fd3724f0eef1",
    "59ec69745c7f6e70",
    "d2c684706e6f0fa4",
    "f7c98c37bc82e6bf",
    "1ba9fb3bde1f647c",
    "991854a3aab21e9a",
    "c698b1f7bf398f5a",
    "334870ce4e5f927f",
    "abacbcae25219462",
    "391d4724ebb2f9e7",
    "3b1475947e15a61f",
    "5e0ce56030717065",
    "61052787157994f7",
    "69f810f43054f463",
    "1496a27c19204f94",
    "3958c8b5266eb259",
    "d3f706631fbbba38"
  ],
  "val_samples": [
    "92db48098341c217",
    "91da89f3977cd1f0",
    "7b47f519c20b238e",
    "44fd711e2a52825c",
    "25c82cd3983a4d96",
    "ecf3c393a5eb9f00",
    "97e4ade3cd2628ec",
    "3e199527955d194f",
    "9d51bef7931a6f21"
  ],
  "train_count": 40,
  "val_count": 9,
  "val_ratio": 0.1836734693877551,
  "random_seed": 42,
  "notes": "Initial 80/20 split"
}